{
  "name": "siyuan-ai",
  "author": "lizhen",
  "url": "https://github.com/Lizhen0628/siyuan-ai",
  "version": "0.0.1",
  "minAppVersion": "3.0.0",
  "backends": [
    "windows",
    "linux",
    "darwin",
    "ios",
    "android"
  ],
  "frontends": [
    "desktop",
    "mobile",
    "browser-desktop",
    "browser-mobile",
    "desktop-window"
  ],
  "displayName": {
    "en_US": "siyuan ai",
    "zh_CN": "思源人工智能"
  },
  "description": {
    "en_US": "Siyuan AI plugin developed using vite and svelte",
    "zh_CN": "使用 vite 和 svelte 开发的思源插件样例"
  },
  "readme": {
    "en_US": "README.md",
    "zh_CN": "README_zh_CN.md"
  },
  "funding": {
    "custom": [
      "https://github.com/Lizhen0628"
    ]
  },
  "keywords": [
    "plugin", "人工智能", "siyuan-ai","AI","ai"
  ]
}
